date,open,high,low,close,volume
2018-09-17,6.782471033612482,21.63608259722381,6.782471033612482,16.413579901342207,8469646.5
2018-09-18,16.413579901342207,16.61705403235058,15.05708569461971,15.32838453596421,1705949.1
2018-09-19,15.260559825628082,15.260559825628082,13.971890329241711,14.107539749913965,3947447.2199999993
2018-09-20,14.175364460250089,15.464033956636458,14.175364460250089,15.464033956636458,1883371.56
2018-09-23,15.735332797980956,15.938806928989337,14.107539749913965,14.175364460250089,2499309.72
2018-09-24,14.243189170586213,14.717962142939085,13.700591487897212,13.836240908569463,1746100.1999999995
2018-09-25,14.039715039577835,14.175364460250089,13.022344384535966,13.22581851554434,1420040.7
2018-09-26,13.361467936216588,14.31101388092234,13.157993805208214,13.497117356888838,1788003.9
2018-09-27,13.497117356888838,14.243189170586213,13.497117356888838,13.971890329241711,1669782.0599999998
2018-09-30,14.175364460250089,15.192735115291958,14.175364460250089,14.921436273947462,2984002.9799999995
2018-10-01,15.192735115291958,15.59968337730871,13.971890329241711,14.039715039577835,1759280.5799999998
2018-10-02,14.039715039577835,15.124910404955838,13.768416198233338,14.78578685327521,2158533.9
2018-10-03,14.853611563611336,16.074456349661578,14.717962142939085,15.938806928989337,3634239.66
2018-10-04,15.938806928989337,16.61705403235058,15.396209246300335,16.34575519100608,2668049.22
2018-10-07,16.48140461167833,17.973548239073075,16.00663163932546,17.973548239073075,4062155.579999999
2018-10-08,18.0413729494092,18.448321211425952,16.413579901342207,16.68487874268671,2839888.2
2018-10-09,16.820528163358958,17.7700741080647,16.413579901342207,17.634424687392453,2278909.9199999995
2018-10-10,17.837898818400827,17.905723528736953,16.75270345302283,16.888352873695077,1725961.8599999996
2018-10-11,16.888352873695077,17.43095055638408,16.61705403235058,17.227476425375706,1221857.52
2018-10-14,17.566599977056327,18.0413729494092,17.091827004703454,17.363125846047957,2287692.24
2018-10-15,17.363125846047957,17.566599977056327,16.48140461167833,16.68487874268671,1196896.0799999998
2018-10-16,16.888352873695077,17.363125846047957,16.413579901342207,17.15965171503958,1617667.7399999998
2018-10-17,17.363125846047957,17.4987752667202,16.61705403235058,16.68487874268671,1098014.94
2018-10-18,16.75270345302283,17.02400229436733,16.61705403235058,16.888352873695077,925135.4399999998
2018-10-21,16.956177584031206,17.295301135711824,16.75270345302283,17.02400229436733,989999.5799999998
2018-10-22,17.02400229436733,18.109197659745323,16.956177584031206,17.15965171503958,1516855.9799999995
2018-10-23,17.43095055638408,18.448321211425952,17.15965171503958,18.24484708041758,1465936.7399999998
2018-10-24,18.380496501089823,19.262217735459448,17.634424687392453,18.923094183778822,2506075.86
2018-10-25,19.1265683147872,19.3978671561317,18.3126717907537,18.99091889411495,1746870.2399999998
2018-10-28,19.3978671561317,19.3978671561317,17.363125846047957,17.70224939772858,2786083.3799999994
2018-10-29,17.634424687392453,18.78744476310657,17.227476425375706,18.380496501089823,1677928.1999999995
2018-10-30,18.78744476310657,20.2117636801652,18.78744476310657,20.2117636801652,2560988.82
2018-10-31,20.754361362854198,22.178680279912815,20.2117636801652,22.178680279912815,2198582.88
2018-11-01,22.653453252265688,23.87429803831593,22.11085556957669,22.449979121257314,3686049.0
2018-11-04,22.58562854192956,24.68819456234943,22.38215441092119,24.55254514167719,1699119.4799999995
2018-11-05,24.823843983021685,24.891668693357808,22.72127796260181,23.06040151428244,1925835.54
2018-11-06,23.06040151428244,24.891668693357808,22.38215441092119,24.48472043134106,1955647.68
2018-11-07,24.48472043134106,26.926410003441557,24.48472043134106,26.926410003441557,1935804.66
2018-11-08,27.943780658483423,29.57157370655042,27.672481817138927,29.57157370655042,1991043.3
2018-11-11,29.842872547894924,30.3176455202478,27.604657106802804,27.80813123781117,1752283.9799999995
2018-11-12,27.80813123781117,30.588944361592294,27.80813123781117,30.588944361592294,1348656.0599999998
2018-11-13,31.19936675461742,32.69151038201216,28.21507949982793,28.486378341172426,1735232.6999999995
2018-11-14,28.757677182516925,31.335016175289667,28.6898524721808,29.910697258231043,2536902.3
2018-11-15,30.249820809911675,30.8602432029368,28.21507949982793,28.55420305150855,1269151.4999999998
2018-11-18,28.82550189285305,30.181996099575542,28.21507949982793,29.57157370655042,1394916.42
2018-11-19,29.842872547894924,31.877613857978677,29.43592428587817,30.38547023058392,2048993.64
2018-11-20,30.995892623609045,31.53849030629804,29.2324501548698,30.8602432029368,3184514.2199999997
2018-11-22,30.8602432029368,30.8602432029368,30.8602432029368,30.8602432029368,0.0
2018-11-25,31.823354089709767,33.28836783297006,29.951392084432715,30.68389895606287,1856376.0
2018-11-26,31.660574784903066,33.69531609498681,30.928067913272915,33.69531609498681,904422.1
2018-11-27,35.40449879545715,37.03229184352414,35.40449879545715,37.03229184352414,1129799.1
2018-11-28,39.88092967764138,40.69482620167488,38.17174697717105,40.69482620167488,1247292.2999999998
2018-11-29,44.60152951703568,44.76430882184238,42.32261924974188,44.76430882184238,793600.0499999999
2018-12-02,48.67101213720317,48.67101213720317,42.892346816565336,43.86902264540552,1452104.9999999998
2018-12-03,44.35736055982563,45.57820534587587,43.46207438338878,44.520139864632334,2203109.05
2018-12-04,45.41542604106918,47.043219089136166,41.75289168291843,42.648177859355286,2965513.05
2018-12-05,42.72956751175863,42.892346816565336,38.4159159343811,38.4159159343811,3795117.3
2018-12-06,37.76479871515429,38.66008489159115,34.59060227142365,37.1136814959275,4064665.8
2018-12-09,37.1136814959275,39.06703315360789,35.48588844786051,35.9742263622806,1503107.4999999998
2018-12-10,35.9742263622806,36.21839531949065,32.39308165653321,32.39308165653321,2680106.05
2018-12-11,32.39308165653321,33.451147137776765,30.60250930365952,31.823354089709767,1560150.95
2018-12-12,32.06752304691981,34.10226435700356,31.416405827693016,32.230302351726515,2438068.9999999995
2018-12-13,32.31169200412987,32.80002991854996,29.137495560399216,29.463054170012622,1731625.15
2018-12-17,29.463054170012622,29.463054170012622,26.53302668349203,26.695805988298723,1340142.15
2018-12-18,26.53302668349203,27.99804042675232,26.207468073878623,27.672481817138927,1025091.6
2018-12-19,27.835261121945628,28.81193695078582,25.88190946426523,26.695805988298723,1352574.7999999998
2018-12-20,25.80051981186188,27.509702512332225,25.80051981186188,26.695805988298723,1041075.45
2018-12-23,25.23079224503843,27.02136459791213,25.14940259263508,25.39357154984513,902845.45
2018-12-24,25.23079224503843,25.80051981186188,24.82384398302168,24.986623287828383,709551.1499999999
2018-12-26,25.23079224503843,25.47496120224848,24.335506068601585,24.661064678214984,586925.4999999999
2018-12-27,24.74245433061833,25.06801294023173,23.11466128255133,24.172726763794884,2387066.4999999995
2019-01-01,24.579675025811632,26.53302668349203,24.41689572100493,26.53302668349203,1497411.5499999998
2019-01-02,27.02136459791213,28.404988688769077,26.45163703108868,28.079430079155674,3056173.3
2019-01-03,28.079430079155674,28.893326603189177,27.509702512332225,28.242209383962376,2336963.3
2019-01-06,28.242209383962376,28.73054729838247,26.858585293105428,27.184143902718827,2617374.7
2019-01-07,27.265533555122172,27.99804042675232,26.45163703108868,26.614416335895378,1861693.6
2019-01-08,26.695805988298723,27.265533555122172,26.45163703108868,26.614416335895378,1110461.85
2019-01-09,26.614416335895378,27.02136459791213,25.47496120224848,25.80051981186188,1506939.2999999998
2019-01-10,26.12607842147528,26.370247378685328,25.47496120224848,26.12607842147528,655034.2499999999
2019-01-13,26.28885772628197,28.242209383962376,25.719130159458533,27.99804042675232,1866540.85
2019-01-14,28.242209383962376,30.76528860846622,28.160819731559023,30.11417138923942,4006909.35
2019-01-15,30.19556104164277,32.31169200412987,30.11417138923942,30.928067913272915,2992318.4
2019-01-16,30.928067913272915,31.090847218079617,28.32359903636572,28.56776799357577,2127201.0
2019-01-17,29.137495560399216,29.137495560399216,27.672481817138927,28.649157645979123,1163513.65
2019-01-20,28.649157645979123,31.497795480096368,28.649157645979123,31.497795480096368,2451206.6
2019-01-21,31.74196443730641,32.31169200412987,29.707223127222672,30.032781736836068,1909192.05
2019-01-22,30.11417138923942,31.497795480096368,29.544443822415968,30.43972999885281,1399332.65
2019-01-23,31.090847218079617,31.172236870482973,29.951392084432715,30.846678260869567,988099.55
2019-01-24,30.76528860846622,32.31169200412987,30.60250930365952,31.497795480096368,2267455.0
2019-01-27,30.928067913272915,33.85809539979351,30.928067913272915,33.12558852816336,1731454.9499999995
2019-01-28,33.36975748537341,33.77670574739015,32.55586096133992,32.63725061374327,1346339.4999999998
2019-01-29,32.71864026614661,32.96280922335666,31.497795480096368,32.31169200412987,1298604.15
2019-01-30,31.74196443730641,32.80002991854996,31.416405827693016,32.39308165653321,1048274.45
2019-01-31,32.148912699323155,33.04419887576001,31.823354089709767,32.148912699323155,1146119.9
2019-02-03,32.230302351726515,33.20697818056671,32.148912699323155,32.55586096133992,826202.5499999999
2019-02-04,32.148912699323155,32.881419570953305,32.148912699323155,32.230302351726515,812000.0499999999
2019-02-05,30.928067913272915,32.230302351726515,30.928067913272915,31.090847218079617,799036.1
2019-02-06,31.74196443730641,33.36975748537341,31.172236870482973,32.230302351726515,1634517.9999999998
2019-02-07,32.148912699323155,33.85809539979351,32.148912699323155,33.20697818056671,1084490.25
2019-02-10,33.36975748537341,33.77670574739015,32.06752304691981,32.230302351726515,678496.5499999999
2019-02-11,32.55586096133992,32.55586096133992,31.497795480096368,31.823354089709767,653354.1
2019-02-12,32.39308165653321,33.04419887576001,31.823354089709767,31.986133394516468,1504400.1
2019-02-13,32.80002991854996,32.80002991854996,31.00945756567627,31.33501617528966,828313.95
2019-02-14,31.416405827693016,31.90474374211312,30.928067913272915,31.33501617528966,1257221.4
2019-02-17,31.660574784903066,32.96280922335666,30.928067913272915,31.25362652288631,2454732.4999999995
2019-02-18,31.74196443730641,32.06752304691981,31.25362652288631,31.660574784903066,4205830.6
2019-02-19,31.660574784903066,31.90474374211312,30.76528860846622,30.928067913272915,983797.4
2019-02-20,30.928067913272915,30.928067913272915,28.81193695078582,29.21888521280257,1433538.2499999998
2019-02-24,29.300274865205925,29.381664517609263,27.672481817138927,27.99804042675232,697622.2
2019-02-25,28.160819731559023,28.486378341172426,27.265533555122172,27.509702512332225,598592.2499999999
2019-02-26,27.59109216473557,27.672481817138927,26.45163703108868,26.614416335895378,416600.15
2019-02-27,26.45163703108868,28.486378341172426,26.04468876907193,28.079430079155674,766753.2999999999
2019-03-03,28.079430079155674,28.893326603189177,27.753871469542275,27.835261121945628,485288.5
2019-03-04,27.91665077434897,28.079430079155674,27.346923207525528,27.42831285992888,367957.45
2019-03-05,27.10275425031547,28.486378341172426,27.10275425031547,27.835261121945628,417547.75
2019-03-06,27.753871469542275,29.381664517609263,27.753871469542275,29.05610590799587,1051610.6
2019-03-07,29.05610590799587,29.788612779626018,28.73054729838247,28.81193695078582,546829.6
2019-03-10,28.81193695078582,28.81193695078582,27.672481817138927,27.91665077434897,342909.3
2019-03-11,27.509702512332225,28.73054729838247,27.509702512332225,28.56776799357577,663751.2499999999
2019-03-12,28.32359903636572,28.81193695078582,27.346923207525528,28.32359903636572,1126406.6
2019-03-13,28.81193695078582,29.137495560399216,28.32359903636572,28.404988688769077,1057834.4
2019-03-14,28.486378341172426,29.300274865205925,28.32359903636572,29.05610590799587,875934.2999999999
2019-03-18,29.05610590799587,29.05610590799587,28.56776799357577,28.81193695078582,444546.29999999993
2019-03-19,28.893326603189177,29.381664517609263,28.56776799357577,29.21888521280257,675971.1499999999
2019-03-20,29.21888521280257,29.21888521280257,28.486378341172426,28.56776799357577,709015.2499999999
2019-03-21,28.404988688769077,28.73054729838247,28.242209383962376,28.404988688769077,253117.3
2019-03-24,28.160819731559023,28.893326603189177,28.160819731559023,28.649157645979123,147508.19999999998
2019-03-25,28.486378341172426,29.381664517609263,28.486378341172426,28.893326603189177,327453.3
2019-03-27,28.81193695078582,29.381664517609263,28.73054729838247,28.893326603189177,307225.94999999995
2019-03-28,28.486378341172426,29.21888521280257,28.486378341172426,28.81193695078582,149526.44999999998
2019-03-31,28.486378341172426,28.893326603189177,28.486378341172426,28.649157645979123,257743.75
2019-04-01,28.81193695078582,29.05610590799587,28.649157645979123,28.73054729838247,149864.55
2019-04-02,28.73054729838247,28.97471625559252,28.649157645979123,28.73054729838247,201106.25
2019-04-03,28.649157645979123,28.81193695078582,28.160819731559023,28.404988688769077,500342.0
2019-04-04,28.73054729838247,28.73054729838247,28.079430079155674,28.242209383962376,149632.24999999997
2019-04-07,28.079430079155674,28.486378341172426,27.42831285992888,27.59109216473557,146316.8
2019-04-08,27.184143902718827,27.346923207525528,26.614416335895378,26.695805988298723,110076.85
2019-04-09,26.12607842147528,26.77719564070208,24.82384398302168,24.905233635425034,301703.65
2019-04-10,25.312181897441786,25.312181897441786,24.41689572100493,24.498285373408287,90960.4
2019-04-11,25.14940259263508,26.93997494550878,24.74245433061833,26.45163703108868,216957.85
2019-04-15,27.02136459791213,28.649157645979123,26.207468073878623,26.614416335895378,98407.8
2019-04-16,26.614416335895378,27.99804042675232,26.12607842147528,26.93997494550878,164425.84999999998
2019-04-17,27.265533555122172,27.835261121945628,26.695805988298723,26.695805988298723,105767.8
2019-04-18,27.509702512332225,28.079430079155674,26.614416335895378,27.91665077434897,157420.05
2019-04-21,27.672481817138927,28.486378341172426,27.59109216473557,27.672481817138927,116260.4
2019-04-23,27.42831285992888,28.404988688769077,26.370247378685328,26.45163703108868,152903.99999999997
2019-04-24,26.77719564070208,27.265533555122172,26.614416335895378,26.77719564070208,100339.8
2019-04-25,26.695805988298723,27.91665077434897,26.695805988298723,27.509702512332225,103403.4
2019-04-28,27.509702512332225,28.079430079155674,27.509702512332225,27.509702512332225,157816.8
2019-04-29,27.509702512332225,28.079430079155674,27.509702512332225,27.672481817138927,130085.69999999998
2019-04-30,27.672481817138927,28.73054729838247,27.59109216473557,27.91665077434897,192705.5
2019-05-02,28.32359903636572,30.521119651256164,28.32359903636572,30.032781736836068,489665.4
2019-05-05,30.032781736836068,30.521119651256164,29.463054170012622,29.62583347481932,230152.95
2019-05-06,29.300274865205925,29.87000243202937,28.079430079155674,28.32359903636572,455757.65
2019-05-07,27.91665077434897,28.81193695078582,27.10275425031547,27.509702512332225,479585.65
2019-05-08,27.509702512332225,28.079430079155674,27.265533555122172,27.42831285992888,71986.54999999999
2019-05-09,28.079430079155674,29.300274865205925,28.079430079155674,28.81193695078582,785483.35
2019-05-12,28.81193695078582,29.300274865205925,28.649157645979123,28.97471625559252,226039.4
2019-05-13,28.97471625559252,29.300274865205925,28.079430079155674,28.404988688769077,348146.4
2019-05-14,27.835261121945628,29.381664517609263,27.835261121945628,29.21888521280257,893271.7
2019-05-15,29.381664517609263,29.381664517609263,28.56776799357577,28.649157645979123,179510.4
2019-05-16,28.486378341172426,29.05610590799587,28.32359903636572,28.404988688769077,80919.74999999999
2019-05-19,28.32359903636572,28.81193695078582,28.32359903636572,28.56776799357577,112229.65
2019-05-20,28.56776799357577,28.893326603189177,27.99804042675232,28.079430079155674,111295.85
2019-05-21,27.672481817138927,28.242209383962376,27.672481817138927,28.079430079155674,129602.69999999998
2019-05-22,27.753871469542275,28.32359903636572,27.672481817138927,27.835261121945628,64535.7
2019-05-23,27.835261121945628,27.835261121945628,27.10275425031547,27.265533555122172,112543.6
2019-05-26,27.346923207525528,27.346923207525528,26.04468876907193,26.45163703108868,152364.65
2019-05-27,26.45163703108868,27.184143902718827,25.96329911666858,26.28885772628197,66341.2
2019-05-28,26.614416335895378,27.59109216473557,26.53302668349203,27.509702512332225,36005.35
2019-05-29,27.346923207525528,27.753871469542275,27.02136459791213,27.265533555122172,38667.6
2019-05-30,27.509702512332225,27.59109216473557,26.614416335895378,27.265533555122172,94692.15
2019-06-09,27.672481817138927,27.672481817138927,26.93997494550878,27.42831285992888,35102.6
2019-06-10,27.509702512332225,27.99804042675232,27.509702512332225,27.59109216473557,76637.15
2019-06-11,27.509702512332225,28.32359903636572,27.346923207525528,27.99804042675232,104351.0
2019-06-12,27.91665077434897,28.242209383962376,27.59109216473557,27.672481817138927,75123.74999999999
2019-06-13,27.59109216473557,27.91665077434897,27.42831285992888,27.672481817138927,147371.34999999998
2019-06-16,28.404988688769077,28.404988688769077,27.346923207525528,27.42831285992888,110071.1
2019-06-17,27.42831285992888,27.509702512332225,27.02136459791213,27.184143902718827,84953.95
2019-06-18,27.265533555122172,28.32359903636572,27.02136459791213,27.753871469542275,301793.35
2019-06-19,27.835261121945628,27.835261121945628,27.02136459791213,27.10275425031547,90094.45
2019-06-20,27.184143902718827,27.59109216473557,27.02136459791213,27.184143902718827,60615.34999999999
2019-06-23,27.265533555122172,27.265533555122172,26.370247378685328,26.695805988298723,183422.7
2019-06-24,26.695805988298723,27.42831285992888,26.370247378685328,27.184143902718827,101086.15
2019-06-25,27.10275425031547,27.184143902718827,26.53302668349203,26.614416335895378,183852.8
2019-06-26,26.614416335895378,27.265533555122172,26.53302668349203,27.02136459791213,133839.3
2019-06-27,26.858585293105428,27.509702512332225,26.695805988298723,27.265533555122172,180298.15
2019-06-30,26.695805988298723,27.59109216473557,26.695805988298723,27.265533555122172,134191.19999999998
2019-07-02,27.265533555122172,28.079430079155674,27.265533555122172,27.59109216473557,208668.65
2019-07-03,27.672481817138927,27.753871469542275,26.93997494550878,27.10275425031547,150124.44999999998
2019-07-04,27.02136459791213,27.265533555122172,26.695805988298723,26.77719564070208,204535.55
2019-07-07,26.614416335895378,27.10275425031547,26.614416335895378,26.93997494550878,97018.6
2019-07-08,26.77719564070208,27.02136459791213,26.614416335895378,26.77719564070208,82228.45
2019-07-09,26.695805988298723,26.695805988298723,25.96329911666858,26.12607842147528,136348.59999999998
2019-07-10,26.45163703108868,27.184143902718827,26.45163703108868,26.77719564070208,258329.1
2019-07-11,27.02136459791213,27.10275425031547,25.14940259263508,25.55635085465183,411275.65
2019-07-14,26.858585293105428,28.079430079155674,26.77719564070208,27.02136459791213,3872894.1
2019-07-15,26.93997494550878,26.93997494550878,25.55635085465183,25.80051981186188,186018.25
2019-07-16,25.80051981186188,25.80051981186188,24.498285373408287,24.905233635425034,653301.2
2019-07-17,24.579675025811632,25.47496120224848,24.498285373408287,24.986623287828383,414325.45
2019-07-18,25.39357154984513,25.88190946426523,24.905233635425034,25.55635085465183,479278.6
2019-07-21,25.312181897441786,25.312181897441786,24.009947458988183,24.172726763794884,301582.9
2019-07-22,24.172726763794884,24.172726763794884,22.05659580130779,22.789102672937936,409747.29999999993
2019-07-23,22.87049232534129,25.06801294023173,22.789102672937936,24.905233635425034,413673.4
2019-07-25,24.41689572100493,24.82384398302168,24.25411641619824,24.661064678214984,185610.0
2019-07-28,24.498285373408287,25.06801294023173,23.84716815418149,24.009947458988183,160339.9
2019-07-29,24.091337111391532,24.986623287828383,23.928557806584838,24.41689572100493,179935.9
2019-07-30,24.579675025811632,24.986623287828383,23.84716815418149,24.009947458988183,201255.75
2019-07-31,24.172726763794884,24.41689572100493,23.684388849374784,23.84716815418149,126100.94999999998
2019-08-01,23.84716815418149,24.498285373408287,23.84716815418149,24.25411641619824,193627.8
2019-08-04,24.335506068601585,25.23079224503843,24.335506068601585,24.82384398302168,262669.19999999995
2019-08-05,24.498285373408287,25.14940259263508,24.25411641619824,24.579675025811632,246665.8
2019-08-06,24.41689572100493,24.82384398302168,24.25411641619824,24.335506068601585,273073.25
2019-08-07,24.25411641619824,24.335506068601585,24.091337111391532,24.172726763794884,141477.59999999998
2019-08-08,24.25411641619824,24.41689572100493,24.172726763794884,24.335506068601585,49901.95
2019-08-18,24.498285373408287,24.498285373408287,24.009947458988183,24.335506068601585,105941.44999999998
2019-08-19,24.498285373408287,24.579675025811632,24.25411641619824,24.41689572100493,94420.75
2019-08-20,24.25411641619824,24.661064678214984,24.009947458988183,24.172726763794884,89790.84999999999
2019-08-21,23.928557806584838,24.172726763794884,23.928557806584838,24.091337111391532,83863.74999999999
2019-08-22,24.091337111391532,24.172726763794884,23.765778501778136,24.009947458988183,151396.34999999998
2019-08-25,24.25411641619824,24.335506068601585,23.27744058735804,23.684388849374784,98400.9
2019-08-26,23.27744058735804,24.009947458988183,23.27744058735804,23.44021989216474,96786.3
2019-08-27,23.27744058735804,23.928557806584838,23.11466128255133,23.44021989216474,108579.55
2019-08-28,23.27744058735804,23.44021989216474,23.11466128255133,23.27744058735804,66695.4
2019-08-29,23.27744058735804,23.27744058735804,22.463544063324537,22.789102672937936,89146.84999999999
2019-09-01,22.54493371572789,22.54493371572789,22.21937510611449,22.21937510611449,100420.3
2019-09-02,22.137985453711146,22.21937510611449,21.73103719169439,21.89381649650109,120829.35
2019-09-03,21.64964753929104,21.97520614890444,21.56825788688769,21.64964753929104,102105.05
2019-09-04,21.812426844097743,21.97520614890444,21.324088929677643,21.405478582080992,78227.59999999999
2019-09-05,21.405478582080992,22.38215441092119,21.405478582080992,22.137985453711146,48357.49999999999
2019-09-08,22.137985453711146,22.137985453711146,21.24269927727429,21.64964753929104,65774.25
2019-09-09,21.64964753929104,21.64964753929104,20.021854491224047,20.428802753240795,113906.35
2019-09-11,20.428802753240795,20.428802753240795,18.39406144315705,18.4754510955604,225371.25
2019-09-12,18.3126717907537,19.4521269244006,18.231282138350352,18.4754510955604,144847.09999999998
2019-09-15,18.4754510955604,18.71962005277045,18.3126717907537,18.4754510955604,71340.25
2019-09-16,18.4754510955604,19.4521269244006,18.39406144315705,19.37073727199725,187110.75
2019-09-17,19.533516576803944,21.24269927727429,19.4521269244006,20.835751015257543,374689.55
2019-09-18,19.94046483882069,20.91714066766089,19.85907518641735,19.94046483882069,109557.05
2019-09-19,19.614906229207296,20.266023448434098,18.963789009980506,19.045178662383847,45331.85
2019-09-22,19.289347619593897,19.37073727199725,18.39406144315705,18.71962005277045,35516.6
2019-09-23,19.533516576803944,20.34741310083744,18.963789009980506,20.18463379603075,48575.99999999999
2019-09-24,20.428802753240795,20.428802753240795,19.614906229207296,19.94046483882069,80834.65
2019-09-25,19.94046483882069,19.94046483882069,18.3126717907537,19.4521269244006,43803.49999999999
2019-09-26,20.103244143627396,20.103244143627396,18.882399357577142,19.4521269244006,41257.4
2019-09-29,18.882399357577142,18.963789009980506,18.6382304003671,18.6382304003671,47723.85
2019-09-30,18.71962005277045,18.882399357577142,18.6382304003671,18.71962005277045,97337.15
2019-10-01,18.71962005277045,19.289347619593897,18.6382304003671,18.882399357577142,4706.95
2019-10-02,18.963789009980506,19.045178662383847,18.6382304003671,18.8010097051738,46256.45
2019-10-03,18.882399357577142,19.533516576803944,18.71962005277045,19.37073727199725,30431.3
2019-10-06,19.37073727199725,19.614906229207296,18.963789009980506,19.533516576803944,26129.15
2019-10-07,19.94046483882069,20.266023448434098,19.533516576803944,20.021854491224047,60600.4
2019-10-09,20.591582058047496,21.56825788688769,19.777685534014,21.16130962487094,161289.8
2019-10-10,21.405478582080992,23.27744058735804,21.405478582080992,23.27744058735804,493404.04999999993
2019-10-13,24.009947458988183,25.55635085465183,23.765778501778136,25.14940259263508,813736.5499999999
2019-10-14,25.14940259263508,27.509702512332225,24.82384398302168,26.695805988298723,747665.6
2019-10-15,27.265533555122172,27.835261121945628,25.06801294023173,26.12607842147528,951875.7
2019-10-20,22.87049232534129,25.719130159458533,22.87049232534129,24.661064678214984,217100.45
2019-10-21,24.661064678214984,25.06801294023173,22.38215441092119,22.70771302053459,405410.65
2019-10-22,22.38215441092119,22.54493371572789,20.91714066766089,21.24269927727429,363128.6
2019-10-23,22.21937510611449,22.95188197774464,21.486868234484344,22.62632336813124,48239.05
2019-10-24,22.137985453711146,23.44021989216474,22.137985453711146,23.03327163014799,124185.05
2019-10-27,22.70771302053459,25.312181897441786,22.70771302053459,24.905233635425034,1053482.7999999998
2019-10-28,25.14940259263508,25.96329911666858,22.789102672937936,23.765778501778136,617233.7499999999
2019-10-29,22.95188197774464,25.23079224503843,22.95188197774464,24.82384398302168,164165.94999999998
2019-10-30,24.091337111391532,25.312181897441786,24.091337111391532,24.82384398302168,245857.35
2019-10-31,25.14940259263508,25.55635085465183,24.986623287828383,25.312181897441786,693209.6499999999
2019-11-03,25.80051981186188,26.614416335895378,25.80051981186188,26.28885772628197,925682.15
2019-11-04,26.77719564070208,27.42831285992888,26.207468073878623,27.10275425031547,780085.2499999999
2019-11-05,27.509702512332225,27.753871469542275,26.28885772628197,27.42831285992888,662405.7499999999
2019-11-06,28.486378341172426,28.486378341172426,25.47496120224848,25.80051981186188,941081.8
2019-11-07,26.45163703108868,26.858585293105428,25.47496120224848,26.04468876907193,448930.1
2019-11-11,26.12607842147528,27.42831285992888,26.12607842147528,27.02136459791213,614325.3999999999
2019-11-12,27.184143902718827,27.346923207525528,26.614416335895378,26.77719564070208,690326.6
2019-11-13,27.265533555122172,27.265533555122172,25.80051981186188,25.96329911666858,458053.04999999993
2019-11-14,25.88190946426523,27.184143902718827,25.719130159458533,26.370247378685328,239991.2
2019-11-17,26.93997494550878,26.93997494550878,25.80051981186188,25.96329911666858,358683.85
2019-11-18,26.12607842147528,28.32359903636572,25.47496120224848,27.835261121945628,679002.5499999999
2019-11-19,27.672481817138927,28.079430079155674,27.346923207525528,27.59109216473557,387770.8
2019-11-20,27.346923207525528,30.27695069404612,27.02136459791213,29.788612779626018,1516786.7499999998
2019-11-21,29.707223127222672,32.39308165653321,29.707223127222672,32.06752304691981,1479647.4999999998
2019-11-24,32.148912699323155,32.55586096133992,31.090847218079617,31.33501617528966,1467002.1
2019-11-25,31.33501617528966,31.90474374211312,30.60250930365952,31.74196443730641,1073398.5
2019-11-26,31.986133394516468,32.55586096133992,30.68389895606287,30.846678260869567,1297840.5499999998
2019-11-27,30.846678260869567,30.846678260869567,30.846678260869567,30.846678260869567,0.0
2019-11-28,32.7888,32.7888,30.12768,30.602880000000003,1215434.0
2019-12-01,30.98304,32.313599999999994,30.03264,31.078080000000003,361440.0
2019-12-02,31.74336,32.02848,30.98304,31.45824,737291.0
2019-12-03,31.74336,32.40864,31.45824,32.313599999999994,401377.0
2019-12-04,32.313599999999994,33.16895999999999,31.8384,32.02848,511978.0
2019-12-05,32.21856,32.21856,30.602880000000003,30.79296,463615.0
2019-12-08,30.98304,32.12351999999999,30.79296,30.98304,416211.0
2019-12-09,31.26816,32.02848,30.98304,31.55328,137349.0
2019-12-10,32.12351999999999,34.6896,32.12351999999999,33.264,1033483.0
2019-12-11,33.35904,33.83424,32.88384,32.978880000000004,239458.0
2019-12-12,33.35904,33.35904,31.55328,31.8384,304535.0
2019-12-15,32.313599999999994,33.16895999999999,31.74336,32.12351999999999,145529.0
2019-12-17,32.21856,32.21856,30.31776,30.4128,222227.0
2019-12-18,31.173119999999997,31.3632,30.602880000000003,30.887999999999995,63850.0
2019-12-19,31.64832,31.64832,30.79296,30.98304,219129.0
2019-12-22,30.98304,31.55328,29.9376,30.79296,478207.0
2019-12-23,30.69792,30.79296,29.17728,29.65248,311673.0
2019-12-24,30.79296,30.79296,28.9872,29.17728,218408.0
2019-12-26,29.36736,30.22272,28.512,28.79712,332813.0
2019-12-29,29.84256,29.9376,29.08224,29.27232,139909.0
2019-12-30,29.08224,32.02848,29.08224,31.26816,619382.0
2020-01-01,31.8384,33.83424,31.55328,33.35904,1160732.0
2020-01-02,32.7888,33.549119999999995,32.21856,32.7888,788519.0
2020-01-05,32.88384,33.264,30.887999999999995,31.26816,542968.0
2020-01-07,32.21856,32.21856,30.98304,31.078080000000003,243289.0
2020-01-09,29.9376,32.02848,29.84256,31.55328,269772.0
2020-01-12,31.8384,33.264,31.45824,32.50368,758996.0
2020-01-13,32.50368,32.69376,30.98304,31.173119999999997,302405.0
2020-01-14,30.79296,31.64832,30.4128,31.078080000000003,165044.0
2020-01-15,31.45824,32.7888,31.173119999999997,32.21856,353338.0
2020-01-16,32.02848,32.59871999999999,31.74336,32.313599999999994,864731.0
2020-01-19,32.7888,33.64416,32.50368,33.16895999999999,627878.0
2020-01-20,33.64416,33.929280000000006,32.7888,33.073919999999994,922537.0
2020-01-21,32.7888,33.264,31.93344,32.40864,266245.0
2020-01-22,32.978880000000004,35.54496,32.59871999999999,35.25984,1526152.0
2020-01-23,35.35488,36.68544,35.1648,35.44992,895225.0
2020-01-26,35.44992,38.4912,34.87968,37.0656,1386894.0
2020-01-28,42.768,42.768,39.72671999999999,40.8672,1232143.0
2020-01-29,40.8672,41.24736,39.63168,40.29696,824296.0
2020-01-30,40.67712,41.91264,40.01184,41.43744,841965.0
2020-02-02,41.72256,43.05311999999999,41.53248000000001,42.67296,1925847.0
2020-02-03,42.768,44.1936,41.72256,42.768,986009.0
2020-02-04,42.2928,43.52832,41.62752,42.00768,1394578.0
2020-02-05,41.8176,45.144,41.62752,44.09856,996666.0
2020-02-06,44.85888,47.0448,44.85888,46.189440000000005,1352877.0
2020-02-09,46.5696,46.5696,44.00352,44.28864,1024439.0
2020-02-10,45.144,45.52416,43.7184,44.28864,1014907.0
2020-02-11,45.144,46.0944,43.7184,44.57375999999999,676238.0
2020-02-12,44.76384,45.04896,43.52832,43.7184,782355.0
2020-02-13,44.57375999999999,48.09024,44.57375999999999,48.09024,1492333.0
2020-02-16,49.23072,52.272,49.23072,51.986880000000006,1029588.0
2020-02-17,51.89184,52.08192,49.04064,49.896,669565.0
2020-02-18,50.3712,54.648,50.27615999999999,53.98272,1008869.0
2020-02-19,58.9248,58.9248,52.84224,55.50336,895861.0
2020-02-20,55.69344,60.3504,52.7472,59.11488,1169027.0
2020-02-23,59.87519999999999,61.96608,57.024,58.25952,1313316.0
2020-02-24,58.4496,58.9248,55.1232,57.024,1286820.0
2020-02-25,57.68928,61.205760000000005,56.92896,59.30496,1688914.0
2020-02-26,59.87519999999999,62.441280000000006,59.87519999999999,61.49088,671382.0
2020-02-27,61.3008,63.67679999999999,59.4,61.68096,1236326.0
2020-03-02,62.53632,63.10656,58.9248,59.78016,460156.0
2020-03-03,59.78016,61.58592,56.16864,56.73888,419273.0
2020-03-04,57.024,58.73472,51.13152,51.3216,637913.0
2020-03-05,53.22239999999999,56.45376,51.70176,56.07359999999999,839814.0
2020-03-08,56.07359999999999,58.82975999999999,51.7968,52.93728,908004.0
2020-03-09,52.272,52.272,48.185280000000006,48.9456,480884.0
2020-03-10,48.4704,53.12736,48.4704,52.65216,195817.0
2020-03-11,53.22239999999999,55.78848,51.70176,54.74304,269281.0
2020-03-12,56.45376,56.45376,49.32576,51.51168,500377.0
2020-03-15,51.60672,51.60672,46.37952,48.28032,442996.0
2020-03-18,46.28448,46.37952,39.34656,39.4416,307544.0
2020-03-19,47.9952,47.9952,47.9952,47.9952,2006.0
2020-03-22,47.90016,47.90016,47.52,47.71008,1700.0
2020-03-23,47.52,47.52,47.52,47.52,1200.0
2020-03-24,47.52,47.52,47.52,47.52,20.0
2020-03-25,47.52,47.52,47.52,47.52,605.0
2020-05-31,47.52,47.52,47.52,47.52,10.0
2020-06-01,47.52,47.52,47.52,47.52,5.0
2020-06-02,47.52,47.52,47.52,47.52,1.0
2020-06-03,47.52,47.52,47.52,47.52,5.0
2020-06-04,47.52,47.52,47.52,47.52,5.0
2020-06-07,47.52,47.52,47.52,47.52,5.0
2020-06-08,47.52,47.52,47.52,47.52,5.0
2020-06-09,47.52,47.52,47.52,47.52,3.0
2020-06-10,47.52,47.52,47.52,47.52,5.0
2020-06-11,47.52,47.52,47.52,47.52,5.0
2020-06-14,47.52,47.52,47.52,47.52,5.0
2020-06-15,47.52,47.52,47.52,47.52,5.0
2020-06-16,47.52,47.52,47.52,47.52,75000.0
2020-06-17,47.52,47.52,47.52,47.52,50004.0
2020-06-18,47.52,47.52,47.52,47.52,4500.0
2020-06-21,47.52,47.52,47.52,47.52,0.0
2020-06-22,47.52,47.52,47.52,47.52,25.0
2020-06-23,47.52,47.52,47.52,47.52,37000.0
2020-06-24,47.52,47.52,47.52,47.52,5.0
2020-06-25,47.52,47.52,47.52,47.52,50005.0
2020-06-28,47.52,47.52,47.52,47.52,5.0
2020-06-29,47.52,47.52,47.52,47.52,5.0
2020-06-30,47.52,47.52,47.52,47.52,505.0
2020-07-02,47.52,47.52,47.52,47.52,119010.0
2020-07-05,47.52,47.52,47.52,47.52,1105.0
2020-07-06,47.52,47.52,47.52,47.52,52.0
2020-07-07,47.52,47.52,47.52,47.52,46405.0
2020-07-08,47.52,47.52,47.52,47.52,1204.0
2020-07-09,47.52,47.52,47.52,47.52,256019.0
2020-07-12,47.52,52.272,47.52,52.272,1752850.0
2020-07-13,54.07775999999999,54.07775999999999,48.4704,48.75552,1521571.0
2020-07-14,48.75552,50.27615999999999,47.52,47.52,1500632.0
2020-07-15,47.52,49.13568,47.52,48.37535999999999,688318.0
2020-07-16,49.23072,49.23072,47.52,47.80512,602493.0
2020-07-19,47.9952,47.9952,47.52,47.52,211713.0
2020-07-20,47.52,47.52,47.52,47.52,137468.0
2020-07-21,47.52,48.85056,47.52,47.61504,676204.0
2020-07-22,47.61504,48.56544,47.61504,47.9952,449230.0
2020-07-23,48.28032,48.28032,47.52,47.80512,425188.0
2020-07-26,48.185280000000006,48.185280000000006,47.52,47.52,385347.0
2020-07-27,47.61504,48.09024,47.52,47.52,129221.0
2020-07-28,47.52,47.52,47.52,47.52,30235.0
2020-07-29,47.52,47.52,47.52,47.52,4120.0
2020-07-30,47.52,48.37535999999999,47.52,47.52,871186.0
2020-08-03,47.61504,47.90016,47.52,47.52,449174.0
2020-08-04,47.52,47.52,47.52,47.52,137207.0
2020-08-05,47.52,47.52,47.52,47.52,41227.0
2020-08-06,47.52,47.52,47.52,47.52,139360.0
2020-08-09,47.52,48.9456,47.52,48.56544,1135790.0
2020-08-10,49.13568,50.65632,48.185280000000006,48.4704,925967.0
2020-08-12,48.9456,49.13568,47.52,47.61504,753279.0
2020-08-13,47.80512,49.61088,47.71008,49.04064,999358.0
2020-08-16,49.23072,53.60256,49.23072,53.22239999999999,1760408.0
2020-08-17,52.272,55.50336,52.272,52.84224,1000812.0
2020-08-18,52.84224,54.648,50.3712,50.8464,1245729.0
2020-08-19,50.8464,50.8464,47.52,47.52,3845895.0
2020-08-20,47.52,47.52,47.52,47.52,191581.0
2020-08-23,47.61504,48.28032,47.52,47.52,1672297.0
2020-08-24,47.52,47.52,47.52,47.52,43557.0
2020-08-25,47.52,47.52,47.52,47.52,34601.0
2020-08-26,47.52,47.52,47.52,47.52,23409.0
2020-08-27,47.52,47.52,47.52,47.52,31811.0
2020-08-31,47.52,47.52,47.52,47.52,25715.0
2020-09-01,47.52,47.52,47.52,47.52,10461.0
2020-09-02,47.52,47.52,47.52,47.52,9653.0
2020-09-03,47.52,47.52,47.52,47.52,12247.0
2020-09-06,47.52,47.52,47.52,47.52,23328.0
2020-09-07,47.52,47.52,47.52,47.52,1236182.0
2020-09-08,47.52,47.52,47.52,47.52,83312.0
2020-09-09,47.52,47.52,47.52,47.52,13052.0
2020-09-10,47.52,47.52,47.52,47.52,3170.0
2020-09-13,47.52,47.52,47.52,47.52,25465.0
2020-09-14,47.52,47.52,47.52,47.52,8503.0
2020-09-15,47.52,47.52,47.52,47.52,9168.0
2020-09-16,47.52,47.52,47.52,47.52,14489.0
2020-09-17,47.52,47.52,47.52,47.52,18411.0
2020-09-20,47.52,47.52,47.52,47.52,8505.0
2020-09-21,47.52,47.52,47.52,47.52,813.0
2020-09-22,47.52,47.52,47.52,47.52,24.0
2020-09-23,47.52,47.52,47.52,47.52,870.0
2020-09-24,47.52,47.52,47.52,47.52,382.0
2020-09-27,47.52,47.52,47.52,47.52,20.0
2020-09-28,47.52,47.52,47.52,47.52,20024.0
2020-09-29,47.52,47.52,47.52,47.52,12755.0
2020-09-30,47.52,47.52,47.52,47.52,3542.0
2020-10-01,47.52,47.52,47.52,47.52,212.0
2020-10-04,47.52,47.52,47.52,47.52,110.0
2020-10-05,47.52,47.52,47.52,47.52,5.0
2020-10-06,47.52,47.52,47.52,47.52,50.0
2020-10-07,47.52,47.52,47.52,47.52,5082.0
2020-10-08,47.52,47.52,47.52,47.52,56.0
2020-10-11,47.52,47.52,47.52,47.52,0.0
2020-10-12,47.52,47.52,47.52,47.52,2.0
2020-10-13,47.52,47.52,47.52,47.52,3.0
2020-10-14,47.52,47.52,47.52,47.52,6.0
2020-10-15,47.52,47.52,47.52,47.52,1221.0
2020-10-18,47.52,47.52,47.52,47.52,3.0
2020-10-19,47.52,47.52,47.52,47.52,2.0
2020-10-20,47.52,47.52,47.52,47.52,85.0
2020-10-21,47.52,47.52,47.52,47.52,26.0
2020-10-22,47.52,47.52,47.52,47.52,280.0
2020-10-25,47.52,47.52,47.52,47.52,17015.0
2020-10-27,47.52,47.52,47.52,47.52,6.0
2020-10-28,47.52,47.52,47.52,47.52,4.0
2020-10-29,47.52,47.52,47.52,47.52,6054.0
2020-11-01,47.52,47.52,47.52,47.52,2.0
2020-11-02,47.52,47.52,47.52,47.52,43.0
2020-11-03,47.52,47.52,47.52,47.52,5.0
2020-11-04,47.52,47.52,47.52,47.52,6.0
2020-11-05,47.52,47.52,47.52,47.52,2.0
2020-11-08,47.52,47.52,47.52,47.52,41.0
2020-11-09,47.52,47.52,47.52,47.52,1010.0
2020-11-10,47.52,47.52,47.52,47.52,250.0
2020-11-11,47.52,47.52,47.52,47.52,0.0
2020-11-12,47.52,47.52,47.52,47.52,217240.0
2020-11-15,47.52,47.52,47.52,47.52,38197.0
2020-11-16,47.52,47.52,47.52,47.52,65.0
2020-11-17,47.52,47.52,47.52,47.52,2.0
2020-11-18,47.52,47.52,47.52,47.52,18.0
2020-11-19,47.52,47.52,47.52,47.52,0.0
2020-11-22,48.0,48.0,48.0,48.0,92675.0
2020-11-23,48.0,48.0,48.0,48.0,0.0
2020-11-24,48.0,48.0,48.0,48.0,385521.0
2020-11-25,48.0,48.0,48.0,48.0,5.0
2020-11-26,48.0,48.0,48.0,48.0,10.0
2020-11-29,48.0,48.0,48.0,48.0,495.0
2020-11-30,48.0,48.0,48.0,48.0,1001.0
2020-12-01,48.0,48.0,48.0,48.0,5.0
2020-12-02,48.0,48.0,48.0,48.0,4.0
2020-12-03,48.0,48.0,48.0,48.0,1829.0
2020-12-06,48.0,48.0,48.0,48.0,10.0
2020-12-07,48.0,48.0,48.0,48.0,9.0
2020-12-08,48.0,48.0,48.0,48.0,25625.0
2020-12-09,48.0,48.0,48.0,48.0,5.0
2020-12-10,48.0,48.0,48.0,48.0,30497.0
2020-12-13,48.0,48.0,48.0,48.0,5.0
2020-12-14,48.0,48.0,48.0,48.0,26.0
2020-12-15,48.0,48.0,48.0,48.0,2.0
2020-12-17,48.0,48.0,48.0,48.0,9.0
2020-12-20,48.0,48.0,48.0,48.0,80.0
2020-12-21,48.0,48.0,48.0,48.0,10005.0
2020-12-22,48.0,48.0,48.0,48.0,0.0
2020-12-23,48.0,48.0,48.0,48.0,1.0
2020-12-24,48.0,48.0,48.0,48.0,76810.0
2020-12-27,48.0,48.0,48.0,48.0,7.0
2020-12-28,48.0,48.0,48.0,48.0,1200.0
2020-12-29,48.0,48.0,48.0,48.0,20.0
2020-12-30,48.0,48.0,48.0,48.0,1002.0
2021-01-03,48.0,48.0,48.0,48.0,910.0
2021-01-04,48.0,48.0,48.0,48.0,7401.0
2021-01-05,48.0,48.0,48.0,48.0,1.0
2021-01-06,48.0,48.0,48.0,48.0,1.0
2021-01-07,48.0,48.0,48.0,48.0,210.0
2021-01-10,48.0,48.0,48.0,48.0,3268.0
2021-01-11,48.0,48.0,48.0,48.0,12.0
2021-01-12,48.0,48.0,48.0,48.0,145.0
2021-01-13,48.0,48.0,48.0,48.0,12.0
2021-01-14,48.0,48.0,48.0,48.0,9519.0
2021-01-17,48.0,48.0,48.0,48.0,1819.0
2021-01-18,48.0,48.0,48.0,48.0,1.0
2021-01-19,48.0,48.0,48.0,48.0,221.0
2021-01-20,48.0,48.0,48.0,48.0,0.0
2021-01-21,48.0,48.0,48.0,48.0,1.0
2021-01-24,48.0,48.0,48.0,48.0,2.0
2021-01-25,48.0,48.0,48.0,48.0,0.0
2021-01-26,48.0,48.0,48.0,48.0,20.0
2021-01-27,48.0,48.0,48.0,48.0,0.0
2021-01-28,48.0,48.0,48.0,48.0,1.0
2021-01-31,48.0,48.0,48.0,48.0,27345.0
2021-02-01,48.0,48.0,48.0,48.0,1.0
2021-02-02,48.0,48.0,48.0,48.0,111005.0
2021-02-03,48.0,48.0,48.0,48.0,1.0
2021-02-04,48.0,48.0,48.0,48.0,15.0
2021-02-07,48.0,48.0,48.0,48.0,2.0
2021-02-08,48.0,48.0,48.0,48.0,0.0
2021-02-09,48.0,48.0,48.0,48.0,0.0
2021-02-10,48.0,48.0,48.0,48.0,49710.0
2021-02-11,48.0,48.0,48.0,48.0,5.0
2021-02-14,48.0,48.0,48.0,48.0,0.0
2021-02-15,48.0,48.0,48.0,48.0,3.0
2021-02-16,48.0,48.0,48.0,48.0,1.0
2021-02-17,48.0,48.0,48.0,48.0,0.0
2021-02-18,48.0,48.0,48.0,48.0,0.0
2021-02-22,48.0,48.0,48.0,48.0,0.0
2021-02-23,48.0,48.0,48.0,48.0,0.0
2021-02-24,48.0,48.0,48.0,48.0,10.0
2021-02-25,48.0,48.0,48.0,48.0,0.0
2021-02-28,48.0,48.0,48.0,48.0,0.0
2021-03-01,48.0,48.0,48.0,48.0,44005.0
2021-03-02,48.0,48.0,48.0,48.0,0.0
2021-03-03,48.0,48.0,48.0,48.0,0.0
2021-03-04,48.0,48.0,48.0,48.0,3.0
2021-03-07,48.0,48.0,48.0,48.0,20.0
2021-03-08,48.0,48.0,48.0,48.0,0.0
2021-03-09,48.0,48.0,48.0,48.0,0.0
2021-03-10,48.0,48.0,48.0,48.0,0.0
2021-03-11,48.0,48.0,48.0,48.0,0.0
2021-03-14,48.0,48.0,48.0,48.0,11.0
2021-03-15,48.0,48.0,48.0,48.0,1.0
2021-03-16,48.0,48.0,48.0,48.0,1.0
2021-03-18,48.0,48.0,48.0,48.0,0.0
2021-03-21,48.0,48.0,48.0,48.0,0.0
2021-03-22,48.0,48.0,48.0,48.0,2100.0
2021-03-23,48.0,48.0,48.0,48.0,50.0
2021-03-24,48.0,48.0,48.0,48.0,0.0
2021-03-25,48.0,48.0,48.0,48.0,0.0
2021-03-28,48.0,48.0,48.0,48.0,0.0
2021-03-29,48.0,48.0,48.0,48.0,0.0
2021-03-31,48.0,48.0,48.0,48.0,0.0
2021-04-01,48.0,48.0,48.0,48.0,4200.0
2021-04-04,48.0,48.0,48.0,48.0,0.0
2021-04-05,48.0,48.0,48.0,48.0,0.0
2021-04-06,48.0,48.0,48.0,48.0,16.0
2021-04-07,48.0,48.0,48.0,48.0,0.0
2021-04-08,43.2,43.2,43.2,43.2,5510.0
2021-04-11,42.336,42.336,42.336,42.336,225.0
2021-04-12,41.568,41.568,41.568,41.568,20.0
2021-04-13,40.8,40.8,40.8,40.8,96.0
2021-04-15,40.032,40.032,40.032,40.032,96.0
2021-04-18,39.264,39.264,39.264,39.264,55.0
2021-04-19,38.496,38.496,38.496,38.496,50.0
2021-04-20,37.728,37.728,37.728,37.728,80.0
2021-04-21,37.056,37.056,37.056,37.056,30.0
2021-04-22,36.384,36.384,36.384,36.384,29.0
2021-04-25,35.712,35.712,35.712,35.712,6733.0
2021-04-26,35.04,35.04,35.04,35.04,255.0
2021-04-27,34.367999999999995,34.367999999999995,34.367999999999995,34.367999999999995,585.0
2021-04-28,33.696,33.696,33.696,33.696,111.0
2021-04-29,33.024,33.024,33.024,33.024,4516.0
2021-05-02,32.44799999999999,32.44799999999999,32.44799999999999,32.44799999999999,107598.0
2021-05-03,31.872,31.872,31.872,31.872,39312.0
2021-05-04,31.296,31.296,31.296,31.296,12488.0
2021-05-05,30.72,30.72,30.72,30.72,19332.0
2021-05-06,30.144,30.144,30.144,30.144,106884.0
2021-05-09,29.568,29.568,29.568,29.568,21930.0
2021-05-11,28.992,28.992,28.992,28.992,24056.0
2021-05-12,28.416,31.872,28.416,31.872,5170641.0
2021-05-16,34.176,35.04,32.544,33.792,1843751.0
2021-05-17,33.12,33.12,33.12,33.12,237530.0
2021-05-18,32.544,32.544,32.544,32.544,31616.0
2021-05-19,31.968,31.968,31.968,31.968,37588.0
2021-05-20,31.392000000000003,31.392000000000003,31.392000000000003,31.392000000000003,44932.0
2021-05-23,30.816,30.816,30.816,30.816,25375.0
2021-05-24,30.24,31.968,30.24,30.336,5686440.0
2021-05-25,30.72,31.008,29.76,29.856,1810436.0
2021-05-27,29.952,30.24,29.28,29.28,1956204.0
2021-05-30,29.28,29.28,28.704,28.704,1994746.0
2021-05-31,28.608,28.608,28.128,28.128,1057110.0
2021-06-01,27.84,29.952,27.648,28.608,3603343.0
2021-06-02,28.8,30.048,28.032,28.224,2553795.0
2021-06-03,28.512,29.184,28.224,28.896,1443250.0
2021-06-06,29.28,30.048,28.416,28.608,3903570.0
2021-06-07,28.896,29.184,28.032,28.032,2355489.0
2021-06-08,28.128,28.224,27.552,27.648,2029848.0
2021-06-09,28.224,29.28,27.168,27.648,5052817.0
2021-06-10,28.32,30.336,27.552,29.568,6437252.0
2021-06-13,30.24,31.488,30.048,30.432,4130514.0
2021-06-14,30.336,30.336,29.856,29.856,1214899.0
2021-06-15,29.28,29.28,29.28,29.28,116767.0
2021-06-16,28.704,29.664,28.704,28.704,3989695.0
2021-06-17,29.376,29.376,28.128,28.224,1462777.0
2021-06-20,28.128,28.128,26.496,27.36,1636573.0
2021-06-21,27.84,28.896,27.84,28.608,1452561.0
2021-06-22,28.992,30.24,28.416,29.856,6693794.0
2021-06-23,30.528,31.392000000000003,29.376,29.568,5245290.0
2021-06-24,29.28,29.856,28.608,29.664,3189410.0
2021-06-27,29.28,30.24,28.416,28.704,3473706.0
2021-06-28,29.088,29.472,28.032,28.224,2127428.0
2021-06-29,28.224,28.608,27.456,27.552,1606827.0
2021-06-30,27.84,28.416,27.648,27.936,2008526.0
2021-07-05,30.72,30.72,30.24,30.72,11684256.0
2021-07-06,33.792,33.792,31.968,32.44799999999999,12302210.0
2021-07-07,32.256,32.544,31.2,31.296,5363271.0
2021-07-08,31.392000000000003,31.68,30.048,30.432,5788682.0
2021-07-12,30.72,31.104,29.856,30.048,4988914.0
2021-07-13,30.24,30.528,29.952,30.24,2193802.0
2021-07-14,30.336,30.528,29.76,29.856,3018622.0
2021-07-15,29.952,30.72,29.952,30.528,2621771.0
2021-07-18,30.528,30.816,29.952,30.048,2614756.0
2021-07-19,30.24,30.624,29.952,30.048,2661085.0
2021-07-25,30.144,30.144,29.376,29.472,1646270.0
2021-07-26,29.472,29.664,28.896,29.088,1595504.0
2021-07-27,29.28,29.856,29.088,29.184,1174578.0
2021-07-28,29.376,29.472,29.088,29.184,1073000.0
2021-07-29,29.184,29.76,29.184,29.664,1361251.0
2021-08-02,30.144,31.104,30.144,30.72,4131595.0
2021-08-03,30.912000000000003,31.392000000000003,30.048,30.24,3129391.0
2021-08-05,30.624,31.008,30.144,30.432,3436277.0
2021-08-09,30.624,31.008,30.048,30.624,5457193.0
2021-08-10,31.008,32.544,31.008,31.392000000000003,10583791.0
2021-08-11,31.68,31.968,31.008,31.392000000000003,4088272.0
2021-08-12,31.776,32.352000000000004,31.392000000000003,31.776,5355185.0
2021-08-16,32.16,33.12,31.776,32.736,6783628.0
2021-08-17,33.024,33.407999999999994,31.008,31.488,5679303.0
2021-08-18,31.488,32.064,31.008,31.2,3896457.0
2021-08-19,31.2,31.392000000000003,30.816,31.008,2137811.0
2021-08-22,31.296,31.968,31.104,31.2,2518245.0
2021-08-23,31.488,31.488,30.816,30.912000000000003,2600529.0
2021-08-24,31.2,32.64,31.2,31.68,5088564.0
2021-08-25,31.968,32.256,31.2,31.296,2576398.0
2021-08-26,31.296,31.488,30.72,30.816,2713094.0
2021-08-29,31.008,31.104,30.336,30.432,1551476.0
2021-08-31,30.624,30.912000000000003,30.432,30.528,1629639.0
2021-09-01,30.72,31.008,30.24,30.336,1846475.0
2021-09-02,30.432,30.624,30.336,30.432,2188146.0
2021-09-05,30.624,31.104,30.24,30.432,3090192.0
2021-09-06,30.816,31.392000000000003,30.528,31.2,2360535.0
2021-09-07,31.392000000000003,31.488,30.528,30.72,2281748.0
2021-09-08,30.912000000000003,30.912000000000003,30.432,30.528,2206735.0
2021-09-09,30.624,30.624,30.144,30.24,1580728.0
2021-09-12,30.336,30.528,29.28,29.472,1651514.0
2021-09-13,29.472,30.144,29.184,29.568,656055.0
2021-09-14,29.856,29.952,28.992,29.088,1568087.0
2021-09-15,29.184,29.568,28.896,29.088,971192.0
2021-09-16,29.376,29.376,28.608,28.704,1605826.0
2021-09-19,28.896,29.184,28.224,28.32,1094546.0
2021-09-20,28.32,28.992,28.32,28.512,861649.0
2021-09-21,28.8,28.992,28.512,28.8,782930.0
2021-09-22,28.992,29.568,28.896,28.992,999289.0
2021-09-23,29.184,29.472,28.704,28.8,808701.0
2021-09-26,28.896,29.088,28.512,28.704,872780.0
2021-09-27,28.704,28.896,28.416,28.512,981595.0
2021-09-28,28.608,28.992,28.512,28.608,813310.0
2021-09-29,28.704,29.664,28.704,29.088,1499061.0
2021-09-30,29.28,29.472,28.416,28.512,1978531.0
2021-10-03,28.704,29.28,28.704,28.8,2488815.0
2021-10-04,28.896,29.28,27.936,28.32,1384284.0
2021-10-05,28.416,28.512,27.456,27.744,1439364.0
2021-10-06,27.936,28.128,27.36,27.456,950554.0
2021-10-07,27.456,28.128,27.264,27.648,1381104.0
2021-10-10,28.032,28.704,27.936,28.224,935463.0
2021-10-11,28.512,28.704,28.032,28.224,951211.0
2021-10-12,28.32,28.32,27.456,27.552,1147313.0
2021-10-13,27.744,27.84,27.168,27.264,642957.0
2021-10-14,27.36,27.552,27.072,27.168,470641.0
2021-10-17,27.552,27.552,26.112,26.4,641592.0
2021-10-18,26.496,26.592,25.536,25.632,890675.0
2021-10-19,26.208,26.208,25.056,25.152,522328.0
2021-10-21,25.344,25.728,24.864,25.152,618809.0
2021-10-24,25.344,25.44,23.328,23.712,639272.0
2021-10-25,23.616,23.616,22.56,22.848,997554.0
2021-10-26,23.136,24.192,22.848,23.904,781810.0
2021-10-27,24.096,24.48,23.616,24.096,651380.0
2021-10-28,24.096,26.496,23.616,26.4,1437074.0
2021-10-31,27.456,28.8,25.824,26.112,1744515.0
2021-11-01,26.112,26.4,25.536,25.728,578894.0
2021-11-02,25.92,26.688,25.344,25.536,837940.0
2021-11-03,25.92,25.92,24.576,24.768,581266.0
2021-11-04,24.96,25.056,24.384,24.48,637053.0
2021-11-07,24.576,24.96,24.0,24.192,372713.0
2021-11-08,24.288,24.384,23.328,23.52,432813.0
2021-11-09,23.904,24.0,23.52,23.712,633583.0
2021-11-10,23.808,24.48,23.808,24.384,348551.0
2021-11-11,24.096,24.672,23.712,23.904,525367.0
2021-11-14,23.904,24.0,23.328,23.424,2949256.0
2021-11-15,23.808,24.672,23.424,24.192,3756256.0
2021-11-16,24.48,26.592,24.384,25.728,4467308.0
2021-11-17,25.824,26.016,24.96,25.152,3430391.0
2021-11-18,24.768,25.536,24.576,24.96,3311778.0
2021-11-21,24.768,24.768,23.904,24.0,2759758.0
2021-11-22,24.0,24.576,23.52,23.712,2544942.0
2021-11-23,24.096,24.48,23.52,23.616,349449.0
2021-11-24,23.808,24.192,23.616,24.0,494184.0
2021-11-25,24.0,24.0,24.0,24.0,0.0
2021-11-28,24.0,24.0,23.6,23.7,3563346.0
2021-11-29,23.9,24.2,23.7,23.8,2775627.0
2021-11-30,24.0,24.2,23.7,24.0,2381676.0
2021-12-01,24.3,24.5,23.9,24.0,447126.0
2021-12-02,23.9,24.5,23.8,24.2,2015547.0
2021-12-05,24.5,24.6,24.0,24.1,1478734.0
2021-12-06,24.4,24.8,24.1,24.4,1228801.0
2021-12-07,24.8,24.8,24.4,24.6,1128706.0
2021-12-08,24.7,25.4,24.5,24.9,942828.0
2021-12-09,25.3,27.1,25.0,26.7,4385001.0
2021-12-12,26.8,26.8,25.5,25.6,2293795.0
2021-12-13,25.5,25.8,24.8,25.1,1459935.0
2021-12-14,25.3,25.3,24.3,24.4,1162526.0
2021-12-15,24.8,24.8,24.3,24.6,279937.0
2021-12-19,24.7,24.8,23.8,24.0,568848.0
2021-12-20,24.2,24.3,23.7,23.8,409929.0
2021-12-21,24.1,24.2,23.6,23.8,346744.0
2021-12-22,24.2,24.2,23.8,23.8,271680.0
2021-12-23,24.1,24.2,23.6,23.7,380155.0
2021-12-26,23.9,23.9,22.7,23.0,319690.0
2021-12-27,23.0,23.4,22.4,22.7,495154.0
2021-12-28,22.9,23.9,22.8,23.4,400739.0
2021-12-29,23.5,23.9,23.4,23.6,497924.0
2021-12-30,23.6,23.6,23.1,23.3,510243.0
